drone.position.x,drone.position.y,drone.position.z,drone.rotation.x,drone.rotation.y,drone.rotation.z,drone.rotation.w,time
-1.2415233202653,-2.2420036417693,9.025,0,0,0.38018841512316,0.92490905985731,0
-0.66373826083039,-2.0700591042146,8.575,0,0,0.39171977546338,0.92008457084712,0.5
-0.091026578973726,-1.8907069623969,8.125,0,0,0.40318993038563,0.91511632049463,1
0.47635450556469,-1.7041577618822,7.675,0,0,0.41459708770154,0.91000508507887,1.5
1.0381551745497,-1.5106302274941,7.225,0,0,0.425939465066,0.90475166321996,2
1.5941332581313,-1.3103510237265,6.775,0,0,0.43721529025561,0.89935687575439,2.5
2.1440544743442,-1.1035545079583,6.325,0,0,0.44842280144563,0.89382156560672,3
2.6876926610223,-0.89048247668949,5.875,0,0,0.45956024748524,0.8881465976579,3.5
3.2248299999303,-0.67138390502414,5.425,0,0,0.47062588817116,0.88233285861012,4
3.7552572329191,-0.44651467963199,4.975,0,0,0.48161799451953,0.87638125684829,4.5
4.2787738699211,-0.21613732542479,4.525,0,0,0.49253484903611,0.87029272229807,5
4.7951883886072,0.019479273810803,4.075,0,0,0.50337474598458,0.86406820628059,5.5
5.3043184255334,0.26006016057711,3.625,0,0,0.51413599165311,0.85770868136382,6
5.8059909586137,0.50532459437464,3.175,0,0,0.52481690461895,0.8512151412106,6.5
6.3000424807616,0.75498634770082,2.725,0,0,0.53541581601118,0.84458860042335,7
6.786319164552,1.0087540070777,2.275,0,0,0.54593106977146,0.8378300943856,7.5
7.2646770177605,1.2663312788441,1.825,0,0,0.55636102291278,0.83094067910016,8
7.7349820296453,1.5274172994447,1.375,0,0,0.56670404577619,0.82392143102416,8.5
8.1971103078475,1.7917069499421,0.925,0,0,0.5769585222854,0.81677344690082,9
8.6509482057876,2.0588911744781,0.475,0,0,0.58712285019932,0.80949784358813,9.5
9.0963924404506,2.3286573024048,0.025,0,0,0.59719544136239,0.80209575788429,10
9.5333502004546,2.6006893738025,-0.425,0,0,0.60717472195275,0.79456834635015,10.5
9.9617392443089,2.8746684681015,-0.875,0,0,0.61705913272809,0.78691678512843,11
10.381487988776,3.1502730355186,-1.325,0,0,0.62684712926934,0.77914226976001,11.5
10.792535587257,3.4271792310204,-1.775,0,0,0.63653718222197,0.77124601499711,12
