gripper.position.x,gripper.position.y,gripper.position.z,gripper.rotation.x,gripper.rotation.y,gripper.rotation.z,gripper.rotation.w,time
0.00299280518222,-0.0248202158963,2.29,0,0,-0.295520206661,0.955336489126,0
0.0529928051822,-0.00482021589635,2.29,0,0,-0.257080551892,0.966389978135,0.1
0.102992805182,0.0151797841037,2.29,0,0,-0.218229623081,0.975897449331,0.2
0.152992805182,0.0351797841037,2.29,0,0,-0.179029573426,0.983843692788,0.3
0.202992805182,0.0551797841037,2.29,0,0,-0.139543114644,0.990215996213,0.4
0.252992805182,0.0751797841037,2.29,0,0,-0.0998334166468,0.995004165278,0.5
0.302992805182,0.0951797841037,2.29,0,0,-0.0599640064794,0.998200539935,0.6
0.352992805182,0.115179784104,2.29,0,0,-0.0199986666933,0.999800006667,0.7
0.402992805182,0.135179784104,2.29,0,0,0.0199986666933,0.999800006667,0.8
0.452992805182,0.155179784104,2.29,0,0,0.0599640064794,0.998200539935,0.9
0.502992805182,0.175179784104,2.29,0,0,0.0998334166468,0.995004165278,1
0.552992805182,0.195179784104,2.29,0,0,0.139543114644,0.990215996213,1.1
0.602992805182,0.215179784104,2.29,0,0,0.179029573426,0.983843692788,1.2
0.652992805182,0.235179784104,2.29,0,0,0.218229623081,0.975897449331,1.3
0.702992805182,0.255179784104,2.29,0,0,0.257080551892,0.966389978135,1.4
0.752992805182,0.275179784104,2.29,0,0,0.295520206661,0.955336489126,1.5
0.802992805182,0.295179784104,2.29,0,0,0.333487092141,0.942754665528,1.6
0.852992805182,0.315179784104,2.29,0,0,0.370920469413,0.928664635577,1.7
0.902992805182,0.335179784104,2.29,0,0,0.40776045306,0.913088940312,1.8
0.952992805182,0.355179784104,2.29,0,0,0.443948106966,0.896052497526,1.9
1.00299280518,0.375179784104,2.29,0,0,0.479425538604,0.87758256189,2
