ball.position.x,ball.position.y,ball.position.z,time
-0.917089499439,-0.0616834280178,1.6412375,0.35
-0.892233326722,-0.057289183872,1.679702,0.36
-0.867377154005,-0.0528949397263,1.7171855,0.37
-0.842520981288,-0.0485006955805,1.753688,0.38
-0.817664808571,-0.0441064514347,1.7892095,0.39
-0.792808635854,-0.0397122072889,1.82375,0.4
-0.767952463137,-0.0353179631431,1.8573095,0.41
-0.74309629042,-0.0309237189974,1.889888,0.42
-0.718240117703,-0.0265294748516,1.9214855,0.43
-0.693383944986,-0.0221352307058,1.952102,0.44
-0.668527772268,-0.01774098656,1.9817375,0.45
-0.643671599551,-0.0133467424142,2.010392,0.46
-0.618815426834,-0.00895249826847,2.0380655,0.47
-0.593959254117,-0.00455825412269,2.064758,0.48
-0.5691030814,-0.000164009976914,2.0904695,0.49
-0.544246908683,0.00423023416886,2.1152,0.5
-0.519390735966,0.00862447831464,2.1389495,0.51
-0.494534563249,0.0130187224604,2.161718,0.52
-0.469678390532,0.0174129666062,2.1835055,0.53
-0.444822217815,0.021807210752,2.204312,0.54
-0.419966045098,0.0262014548978,2.2241375,0.55
-0.395109872381,0.0305956990435,2.242982,0.56
-0.370253699664,0.0349899431893,2.2608455,0.57
-0.345397526946,0.0393841873351,2.277728,0.58
-0.320541354229,0.0437784314809,2.2936295,0.59
-0.295685181512,0.0481726756266,2.30855,0.6
-0.270829008795,0.0525669197724,2.3224895,0.61
-0.245972836078,0.0569611639182,2.335448,0.62
-0.221116663361,0.061355408064,2.3474255,0.63
-0.196260490644,0.0657496522098,2.358422,0.64
-0.171404317927,0.0701438963555,2.3684375,0.65
-0.14654814521,0.0745381405013,2.377472,0.66
-0.121691972493,0.0789323846471,2.3855255,0.67
-0.0968357997757,0.0833266287929,2.392598,0.68
-0.0719796270586,0.0877208729387,2.3986895,0.69
-0.0471234543415,0.0921151170844,2.4038,0.7
-0.0222672816245,0.0965093612302,2.4079295,0.71
0.00258889109261,0.100903605376,2.411078,0.72
0.0274450638097,0.105297849522,2.4132455,0.73
0.0523012365268,0.109692093668,2.414432,0.74
0.0771574092438,0.114086337813,2.4146375,0.75
0.102013581961,0.118480581959,2.413862,0.76
0.126869754678,0.122874826105,2.4121055,0.77
0.151725927395,0.127269070251,2.409368,0.78
0.176582100112,0.131663314396,2.4056495,0.79
0.201438272829,0.136057558542,2.40095,0.8
0.226294445546,0.140451802688,2.3952695,0.81
0.251150618263,0.144846046834,2.388608,0.82
0.27600679098,0.14924029098,2.3809655,0.83
0.300862963698,0.153634535125,2.372342,0.84
0.325719136415,0.158028779271,2.3627375,0.85
0.350575309132,0.162423023417,2.352152,0.86
0.375431481849,0.166817267563,2.3405855,0.87
0.400287654566,0.171211511708,2.328038,0.88
0.425143827283,0.175605755854,2.3145095,0.89
0.45,0.18,2.3,0.9
0.474856172717,0.184394244146,2.2845095,0.91
0.499712345434,0.188788488292,2.268038,0.92
0.524568518151,0.193182732437,2.2505855,0.93
0.549424690868,0.197576976583,2.232152,0.94
0.574280863585,0.201971220729,2.2127375,0.95
0.599137036302,0.206365464875,2.192342,0.96
0.62399320902,0.21075970902,2.1709655,0.97
0.648849381737,0.215153953166,2.148608,0.98
0.673705554454,0.219548197312,2.1252695,0.99
0.698561727171,0.223942441458,2.10095,1
0.723417899888,0.228336685604,2.0756495,1.01
0.748274072605,0.232730929749,2.049368,1.02
0.773130245322,0.237125173895,2.0221055,1.03
0.797986418039,0.241519418041,1.993862,1.04
0.822842590756,0.245913662187,1.9646375,1.05
0.847698763473,0.250307906332,1.934432,1.06
0.87255493619,0.254702150478,1.9032455,1.07
0.897411108907,0.259096394624,1.871078,1.08
0.922267281624,0.26349063877,1.8379295,1.09
0.947123454342,0.267884882916,1.8038,1.1
0.971979627059,0.272279127061,1.7686895,1.11
0.996835799776,0.276673371207,1.732598,1.12
1.02169197249,0.281067615353,1.6955255,1.13
1.04654814521,0.285461859499,1.657472,1.14
1.07140431793,0.289856103644,1.6184375,1.15
1.09626049064,0.29425034779,1.578422,1.16
