ship.position.x,ship.position.y,ship.position.z,ship.rotation.x,ship.rotation.y,ship.rotation.z,ship.rotation.w,time
0.3,0,0,0,0,0.2084598998461,0.97803091472415,0
0.7,0.1,0.05,0,0,0.22066868219558,0.97534882616327,0.5
1.1,0.2,0.1,0,0,0.23284298551242,0.97251434133264,1
1.5,0.3,0.15,0,0,0.24498090758648,0.96952790311476,1.5
1.9,0.4,0.2,0,0,0.25708055189216,0.96638997813451,2
2.3,0.5,0.25,0,0,0.26914002788462,0.9631010566863,2.5
2.7,0.6,0.3,0,0,0.28115745129529,0.9596616526574,3
3.1,0.7,0.35,0,0,0.29313094442622,0.9560723034477,3.5
3.5,0.8,0.4,0,0,0.30505863644344,0.95233356988571,4
3.9,0.9,0.45,0,0,0.31693866366937,0.94844603614095,4.5
4.3,1,0.5,0,0,0.3287691698739,0.94441030963264,5
4.7,1.1,0.55,0,0,0.34054830656453,0.94022702093486,5.5
5.1,1.2,0.6,0,0,0.35227423327509,0.93589682367793,6
5.5,1.3,0.65,0,0,0.36394511785341,0.93142039444639,6.5
5.9,1.4,0.7,0,0,0.3755591367475,0.92679843267318,7
6.3,1.5,0.75,0,0,0.38711447529055,0.92203166053044,7.5
6.7,1.6,0.8,0,0,0.39860932798442,0.91712082281661,8
7.1,1.7,0.85,0,0,0.41004189878176,0.91206668684008,8.5
7.5,1.8,0.9,0,0,0.42141040136665,0.90687004229934,9
7.9,1.9,0.95,0,0,0.43271305943368,0.9015317011595,9.5
8.3,2,1,0,0,0.44394810696552,0.89605249752553,10
8.7,2.1,1.05,0,0,0.45511378850886,0.89043328751182,10.5
9.1,2.2,1.1,0,0,0.46620835944867,0.88467494910853,11
9.5,2.3,1.15,0,0,0.47723008628082,0.8787783820443,11.5
9.9,2.4,1.2,0,0,0.48817724688291,0.87274450764575,12
