time,speed
0.025,2.0575
0.225,2.1175
0.425,2.1775
0.625,2.2375
0.825,2.2975
1.025,2.3575
1.225,2.4175
1.425,2.4775
1.625,2.5375
1.825,2.5975
2.025,2.6575
2.225,2.7175
2.425,2.7775
2.625,2.8375
2.825,2.8975
3.025,2.9575
3.225,3.0175
3.425,3.0775
3.625,3.1375
3.825,3.1975
4.025,3.2575
4.225,3.3175
4.425,3.3775
4.625,3.4375
4.825,3.4975
5.025,3.5575
5.225,3.6175
5.425,3.6775
5.625,3.7375
5.825,3.7975
6.025,3.8575
6.225,3.9175
6.425,3.9775
6.625,4.0375
6.825,4.0975
7.025,4.1575
7.225,4.2175
7.425,4.2775
7.625,4.3375
7.825,4.3975
8.025,4.4575
8.225,4.5175
8.425,4.5775
8.625,4.6375
8.825,4.6975
9.025,4.7575
9.225,4.8175
9.425,4.8775
9.625,4.9375
9.825,4.9975
10.025,5.0575
10.225,5.1175
10.425,5.1775
10.625,5.2375
10.825,5.2975
11.025,5.3575
11.225,5.4175
11.425,5.4775
11.625,5.5375
11.825,5.5975
