drone.position.x,drone.position.y,drone.position.z,time,altitude
-1.7014453793657,-0.86510247415918,8.625,0,8.625
-1.64506248981,-0.85053387072399,8.58,0.05,8.58
-1.5887169161047,-0.83588882431089,8.535,0.1,8.535
-1.5324089379097,-0.82116749316705,8.49,0.15,8.49
-1.4761388343265,-0.80637003645977,8.445,0.2,8.445
-1.419906883895,-0.79149661427468,8.4,0.25,8.4
-1.3637133645909,-0.7765473876139,8.355,0.3,8.355
-1.3075585538228,-0.76152251839424,8.31,0.35,8.31
-1.2514427284295,-0.74642216944538,8.265,0.4,8.265
-1.1953661646768,-0.731246504508,8.22,0.45,8.22
-1.139329138255,-0.71599568823194,8.175,0.5,8.175
-1.0833319242761,-0.70066988617436,8.13,0.55,8.13
-1.0273747972707,-0.68526926479788,8.085,0.6,8.085
-0.97145803118557,-0.66979399146868,8.04,0.65,8.04
-0.91558189938041,-0.65424423445462,7.995,0.7,7.995
-0.85974667462547,-0.63862016292339,7.95,0.75,7.95
-0.80395262909853,-0.62292194694058,7.905,0.8,7.905
-0.74820003438216,-0.60714975746776,7.86,0.85,7.86
-0.69248916146098,-0.59130376636061,7.815,0.9,7.815
-0.63682028071885,-0.57538414636696,7.77,0.95,7.77
-0.58119366193611,-0.55939107112487,7.725,1,7.725
-0.52560957428683,-0.5433247151607,7.68,1.05,7.68
-0.47006828633605,-0.52718525388715,7.635,1.1,7.635
-0.41457006603702,-0.5109728636013,7.59,1.15,7.59
-0.3591151807285,-0.49468772148268,7.545,1.2,7.545
-0.30370389713197,-0.47833000559126,7.5,1.25,7.5
-0.24833648134892,-0.46189989486546,7.455,1.3,7.455
-0.19301319885816,-0.44539756912023,7.41,1.35,7.41
-0.13773431451303,-0.42882320904498,7.365,1.4,7.365
-0.082500092538753,-0.41217699620159,7.32,1.45,7.32
-0.027310796529707,-0.39545911302244,7.275,1.5,7.275
0.027833310553285,-0.37866974280836,7.23,1.55,7.23
0.082931966385639,-0.36180906972657,7.185,1.6,7.185
0.1379849092817,-0.34487727880871,7.14,1.65,7.14
0.19299187819742,-0.32787455594872,7.095,1.7,7.095
0.24795261273303,-0.31080108790088,7.05,1.75,7.05
0.30286685313573,-0.29365706227764,7.005,1.8,7.005
0.35773434030232,-0.27644266754765,6.96,1.85,6.96
0.41255481578188,-0.2591580930336,6.915,1.9,6.915
0.46732802177841,-0.24180352891022,6.87,1.95,6.87
0.52205370115347,-0.22437916620211,6.825,2,6.825
0.57673159742884,-0.20688519678168,6.78,2.05,6.78
0.6313614547891,-0.18932181336703,6.735,2.1,6.735
0.68594301808432,-0.17168920951986,6.69,2.15,6.69
0.74047603283264,-0.15398757964329,6.645,2.2,6.645
0.79496024522286,-0.13621711897978,6.6,2.25,6.6
0.84939540211711,-0.11837802360897,6.555,2.3,6.555
0.90378125105339,-0.10047049044554,6.51,2.35,6.51
0.95811754024817,-0.082494717237036,6.465,2.4,6.465
1.012404018599,-0.064450902561729,6.42,2.45,6.42
1.0666404356871,-0.046339245826432,6.375,2.5,6.375
1.1208265417799,-0.028159947264328,6.33,2.55,6.33
1.1749620878335,-0.0099132079327786,6.285,2.6,6.285
1.2290468254956,0.0084007702888673,6.24,2.65,6.24
1.2830805071075,0.026781784701473,6.195,2.7,6.195
1.3370628857072,0.045229631788326,6.15,2.75,6.15
1.3909937150314,0.063744107217353,6.105,2.8,6.105
1.4448727495186,0.082325005843346,6.06,2.85,6.06
1.4986997443112,0.10097212171019,6.015,2.9,6.015
1.552474455258,0.1196852480531,5.97,2.95,5.97
1.6061966389173,0.13846417730089,5.925,3,5.925
1.6598660525585,0.1573087010782,5.88,3.05,5.88
1.7134824541653,0.17621861020775,5.835,3.1,5.835
1.767045602438,0.19519369471264,5.79,3.15,5.79
1.8205552567958,0.21423374381864,5.745,3.2,5.745
1.8740111773796,0.2333385459564,5.7,3.25,5.7
1.9274131250541,0.25250788876383,5.655,3.3,5.655
1.9807608614106,0.27174155908833,5.61,3.35,5.61
2.0340541487692,0.29103934298913,5.565,3.4,5.565
2.0872927501815,0.31040102573961,5.52,3.45,5.52
2.1404764294329,0.3298263918296,5.475,3.5,5.475
2.1936049510449,0.34931522496771,5.43,3.55,5.43
2.2466780802777,0.36886730808369,5.385,3.6,5.385
2.2996955831327,0.38848242333074,5.34,3.65,5.34
2.3526572263547,0.40816035208788,5.295,3.7,5.295
2.4055627774345,0.42790087496229,5.25,3.75,5.25
2.4584120046112,0.44770377179171,5.205,3.8,5.205
2.5112046768746,0.46756882164678,5.16,3.85,5.16
2.5639405639674,0.48749580283341,5.115,3.9,5.115
2.6166194363882,0.5074844928952,5.07,3.95,5.07
2.6692410653929,0.52753466861581,5.025,4,5.025
2.7218052229981,0.54764610602136,4.98,4.05,4.98
2.7743116819827,0.56781858038286,4.935,4.1,4.935
2.8267602158905,0.58805186621859,4.89,4.15,4.89
2.8791505990327,0.60834573729654,4.845,4.2,4.845
2.93148260649,0.62869996663683,4.8,4.25,4.8
2.9837560141149,0.64911432651418,4.755,4.3,4.755
3.0359705985344,0.66958858846028,4.71,4.35,4.71
3.0881261371518,0.69012252326633,4.665,4.4,4.665
3.1402224081494,0.7107159009854,4.62,4.45,4.62
3.1922591904907,0.73136849093497,4.575,4.5,4.575
3.2442362639224,0.75208006169938,4.53,4.55,4.53
3.2961534089773,0.77285038113226,4.485,4.6,4.485
3.3480104069757,0.79367921635909,4.44,4.65,4.44
3.3998070400287,0.81456633377963,4.395,4.7,4.395
3.4515430910395,0.83551149907044,4.35,4.75,4.35
3.5032183437064,0.85651447718738,4.305,4.8,4.305
3.5548325825245,0.87757503236814,4.26,4.85,4.26
3.6063855927884,0.8986929281347,4.215,4.9,4.215
3.6578771605938,0.91986792729595,4.17,4.95,4.17
3.7093070728407,0.94109979195011,4.125,5,4.125
3.7606751172344,0.96238828348735,4.08,5.05,4.08
3.8119810822888,0.98373316259231,4.035,5.1,4.035
3.8632247573281,1.0051341892466,3.99,5.15,3.99
3.9144059324886,1.0265911227315,3.945,5.2,3.945
3.965524398722,1.0481037216303,3.9,5.25,3.9
4.0165799477962,1.0696717438311,3.855,5.3,3.855
4.0675723722987,1.0912949465293,3.81,5.35,3.81
4.118501465638,1.1129730862299,3.765,5.4,3.765
4.1693670220459,1.1347059187508,3.72,5.45,3.72
4.2201688365798,1.1564931992246,3.675,5.5,3.675
4.2709067051248,1.1783346821017,3.63,5.55,3.63
4.3215804243957,1.2002301211528,3.585,5.6,3.585
4.3721897919393,1.2221792694713,3.54,5.65,3.54
4.4227346061364,1.2441818794762,3.495,5.7,3.495
4.4732146662039,1.2662377029148,3.45,5.75,3.45
4.5236297721969,1.2883464908648,3.405,5.8,3.405
4.5739797250108,1.3105079937378,3.36,5.85,3.36
4.6242643263836,1.3327219612808,3.315,5.9,3.315
4.6744833788974,1.3549881425802,3.27,5.95,3.27
4.7246366859812,1.3773062860632,3.225,6,3.225
4.7747240519124,1.3996761395014,3.18,6.05,3.18
4.8247452818191,1.4220974500128,3.135,6.1,3.135
4.8747001816821,1.444569964065,3.09,6.15,3.09
4.9245885583369,1.4670934274777,3.045,6.2,3.045
4.9744102194757,1.4896675854251,3,6.25,3
5.0241649736495,1.5122921824391,2.955,6.3,2.955
5.0738526302702,1.5349669624116,2.91,6.35,2.91
5.1234729996122,1.5576916685974,2.865,6.4,2.865
5.173025892815,1.5804660436168,2.82,6.45,2.82
5.2225111218846,1.6032898294586,2.775,6.5,2.775
5.2719284996958,1.6261627674824,2.73,6.55,2.73
5.3212778399941,1.6490845984216,2.685,6.6,2.685
5.3705589573977,1.6720550623863,2.64,6.65,2.64
5.4197716673994,1.6950738988655,2.595,6.7,2.595
5.4689157863684,1.7181408467304,2.55,6.75,2.55
5.5179911315527,1.7412556442368,2.505,6.8,2.505
5.5669975210805,1.7644180290282,2.46,6.85,2.46
5.6159347739623,1.7876277381381,2.415,6.9,2.415
5.664802710093,1.8108845079933,2.37,6.95,2.37
5.7136011502536,1.8341880744163,2.325,7,2.325
5.762329916113,1.8575381726282,2.28,7.05,2.28
5.8109888302302,1.8809345372514,2.235,7.1,2.235
5.859577716056,1.9043769023127,2.19,7.15,2.19
5.9080963979347,1.9278650012457,2.145,7.2,2.145
5.9565447011064,1.9513985668939,2.1,7.25,2.1
6.0049224517084,1.9749773315133,2.055,7.3,2.055
6.0532294767773,1.9986010267756,2.01,7.35,2.01
6.1014656042506,2.0222693837704,1.965,7.4,1.965
6.149630662969,2.0459821330085,1.92,7.45,1.92
6.1977244826776,2.0697390044248,1.875,7.5,1.875
6.2457468940282,2.0935397273807,1.83,7.55,1.83
6.2936977285809,2.1173840306674,1.785,7.6,1.785
6.3415768188059,2.1412716425084,1.74,7.65,1.74
6.3893839980852,2.1652022905625,1.695,7.7,1.695
6.4371191007145,2.1891757019269,1.65,7.75,1.65
6.4847819619052,2.2131916031396,1.605,7.8,1.605
6.5323724177854,2.2372497201825,1.56,7.85,1.56
6.5798903054026,2.2613497784845,1.515,7.9,1.515
6.6273354627247,2.2854915029239,1.47,7.95,1.47
6.6747077286421,2.3096746178319,1.425,8,1.425
6.7220069429694,2.3338988469948,1.38,8.05,1.38
6.769232946447,2.3581639136574,1.335,8.1,1.335
6.8163855807428,2.3824695405258,1.29,8.15,1.29
6.8634646884541,2.4068154497703,1.245,8.2,1.245
6.9104701131089,2.431201363028,1.2,8.25,1.2
6.9574016991681,2.4556270014064,1.155,8.3,1.155
7.0042592920266,2.4800920854856,1.11,8.35,1.11
7.0510427380156,2.5045963353216,1.065,8.4,1.065
7.0977518844036,2.5291394704494,1.02,8.45,1.02
7.1443865793985,2.5537212098855,0.975,8.5,0.975
7.1909466721491,2.5783412721312,0.93,8.55,0.93
7.2374320127466,2.6029993751752,0.885,8.6,0.885
7.2838424522265,2.6276952364971,0.84,8.65,0.84
7.3301778425698,2.6524285730698,0.795,8.7,0.795
7.3764380367051,2.6771991013627,0.75,8.75,0.75
7.4226228885097,2.7020065373447,0.705,8.8,0.705
7.4687322528116,2.7268505964872,0.66,8.85,0.66
7.5147659853907,2.751730993767,0.615,8.9,0.615
7.5607239429808,2.7766474436692,0.57,8.95,0.57
7.6066059832707,2.8015996601903,0.525,9,0.525
7.6524119649059,2.8265873568413,0.48,9.05,0.48
7.6981417474904,2.8516102466504,0.435,9.1,0.435
7.7437951915879,2.8766680421664,0.39,9.15,0.39
7.7893721587234,2.9017604554612,0.345,9.2,0.345
7.8348725113848,2.9268871981334,0.3,9.25,0.3
7.8802961130243,2.9520479813107,0.255,9.3,0.255
7.9256428280601,2.9772425156535,0.21,9.35,0.21
7.9709125218774,3.0024705113574,0.165,9.4,0.165
8.0161050608306,3.0277316781568,0.12,9.45,0.12
8.0612203122439,3.0530257253272,0.075,9.5,0.075
8.1062581444136,3.078352361689,0.029999999999999,9.55,0.029999999999999
8.151218426609,3.1037112956101,-0.015,9.6,-0.015
8.1961010290741,3.129102235009,-0.06,9.65,-0.06
8.2409058230287,3.1545248873578,-0.105,9.7,-0.105
8.2856326806702,3.1799789596856,-0.15,9.75,-0.15
8.3302814751749,3.2054641585811,-0.195,9.8,-0.195
8.3748520806994,3.230980190196,-0.24,9.85,-0.24
8.4193443723816,3.2565267602478,-0.285,9.9,-0.285
8.4637582263429,3.2821035740231,-0.33,9.95,-0.33
8.5080935196888,3.3077103363807,-0.375,10,-0.375
8.5523501305107,3.3333467517542,-0.42,10.05,-0.42
8.5965279378869,3.359012524156,-0.465,10.1,-0.465
8.6406268218845,3.3847073571793,-0.51,10.15,-0.51
8.6846466635602,3.4104309540022,-0.555,10.2,-0.555
8.7285873449619,3.43618301739,-0.6,10.25,-0.6
8.7724487491298,3.4619632496987,-0.645,10.3,-0.645
8.8162307600981,3.4877713528783,-0.69,10.35,-0.69
8.8599332628958,3.5136070284753,-0.735,10.4,-0.735
8.9035561435485,3.5394699776363,-0.78,10.45,-0.78
8.9470992890791,3.565359901111,-0.825,10.5,-0.825
8.9905625875098,3.5912764992554,-0.87,10.55,-0.87
9.0339459278625,3.6172194720346,-0.915,10.6,-0.915
